-- --------------------------------------------------------
-- 호스트:                          127.0.0.1
-- 서버 버전:                        10.5.4-MariaDB - mariadb.org binary distribution
-- 서버 OS:                        Win64
-- HeidiSQL 버전:                  11.0.0.5919
-- --------------------------------------------------------

/*!40101 SET @OLD_CHARACTER_SET_CLIENT=@@CHARACTER_SET_CLIENT */;
/*!40101 SET NAMES utf8 */;
/*!50503 SET NAMES utf8mb4 */;
/*!40014 SET @OLD_FOREIGN_KEY_CHECKS=@@FOREIGN_KEY_CHECKS, FOREIGN_KEY_CHECKS=0 */;
/*!40101 SET @OLD_SQL_MODE=@@SQL_MODE, SQL_MODE='NO_AUTO_VALUE_ON_ZERO' */;


-- pizza 데이터베이스 구조 내보내기
CREATE DATABASE IF NOT EXISTS `pizza` /*!40100 DEFAULT CHARACTER SET utf8 */;
USE `pizza`;

-- 테이블 pizza.pizza_auth 구조 내보내기
CREATE TABLE IF NOT EXISTS `pizza_auth` (
  `u_id` varchar(50) DEFAULT NULL,
  `u_auth` varchar(50) DEFAULT NULL
) ENGINE=InnoDB DEFAULT CHARSET=utf8;

-- 테이블 데이터 pizza.pizza_auth:~3 rows (대략적) 내보내기
/*!40000 ALTER TABLE `pizza_auth` DISABLE KEYS */;
REPLACE INTO `pizza_auth` (`u_id`, `u_auth`) VALUES
	('aaaa', 'ROLE_MASTER'),
	('aaa', 'ROLE_USER'),
	('asd', 'ROLE_USER'),
	('sd', 'ROLE_USER'),
	('asdasd', 'ROLE_USER'),
	('adfa', 'ROLE_USER');
/*!40000 ALTER TABLE `pizza_auth` ENABLE KEYS */;

-- 테이블 pizza.pizza_board 구조 내보내기
CREATE TABLE IF NOT EXISTS `pizza_board` (
  `b_id` int(11) NOT NULL AUTO_INCREMENT,
  `b_title` varchar(255) DEFAULT NULL,
  `b_content` text DEFAULT NULL,
  `b_writer` varchar(255) DEFAULT NULL,
  `b_datetime` datetime DEFAULT current_timestamp(),
  `u_id` varchar(50) DEFAULT NULL,
  `b_disabled` tinyint(1) unsigned zerofill DEFAULT NULL,
  `b_views` tinyint(3) unsigned zerofill DEFAULT NULL,
  PRIMARY KEY (`b_id`),
  KEY `user_id` (`u_id`),
  CONSTRAINT `user_id` FOREIGN KEY (`u_id`) REFERENCES `pizza_user` (`u_id`)
) ENGINE=InnoDB AUTO_INCREMENT=53 DEFAULT CHARSET=utf8;

-- 테이블 데이터 pizza.pizza_board:~11 rows (대략적) 내보내기
/*!40000 ALTER TABLE `pizza_board` DISABLE KEYS */;
REPLACE INTO `pizza_board` (`b_id`, `b_title`, `b_content`, `b_writer`, `b_datetime`, `u_id`, `b_disabled`, `b_views`) VALUES
	(1, 'wdefs', 'content', 'lee', '2020-08-26 19:11:37', 'a', 0, NULL),
	(2, 'sdf', 'csdfs', 'sfg', '2020-08-26 19:11:56', 'aaa', 0, NULL),
	(3, 'x', 'sdfsf', 'wee', '2020-09-09 19:56:26', 'aaa', 0, NULL),
	(45, '234', 'sd', '1241w', '2020-09-15 20:49:04', 'aaaa', 0, NULL),
	(46, '222', '222', 'sdf', '2020-09-15 20:53:47', NULL, 0, NULL),
	(47, 'adxasdc', 'asfsg', 'as', '2020-09-15 20:58:17', 'aaaa', 0, NULL),
	(48, '', 'sdf', '', '2020-09-15 20:58:35', 'aaaa', 0, NULL),
	(49, 'xbsg2', '42', 'sg', '2020-09-15 21:01:08', 'aaaa', 0, NULL),
	(50, 'cs', 'sd', '23', '2020-09-15 21:53:38', 'aaa', 1, NULL),
	(51, '121', '14123123', 'test', '2020-09-15 22:03:13', 'aaa', 1, NULL),
	(52, '15as', 'sdaaf', 'asd134', '2020-09-16 18:35:16', 'aaa', 1, NULL);
/*!40000 ALTER TABLE `pizza_board` ENABLE KEYS */;

-- 테이블 pizza.pizza_user 구조 내보내기
CREATE TABLE IF NOT EXISTS `pizza_user` (
  `u_id` varchar(50) NOT NULL,
  `u_password` varchar(200) DEFAULT NULL,
  `u_name` varchar(50) DEFAULT NULL,
  `u_datetime` datetime DEFAULT current_timestamp(),
  `u_isAccountNonExpired` tinyint(4) DEFAULT NULL,
  `u_isAccountNonLocked` tinyint(4) DEFAULT NULL,
  `u_isCredentialNonExpired` tinyint(4) DEFAULT NULL,
  `u_isEnabled` tinyint(4) DEFAULT NULL,
  `u_level` int(11) DEFAULT NULL,
  `u_disabled` tinyint(1) unsigned zerofill DEFAULT NULL,
  PRIMARY KEY (`u_id`)
) ENGINE=InnoDB DEFAULT CHARSET=utf8;

-- 테이블 데이터 pizza.pizza_user:~4 rows (대략적) 내보내기
/*!40000 ALTER TABLE `pizza_user` DISABLE KEYS */;
REPLACE INTO `pizza_user` (`u_id`, `u_password`, `u_name`, `u_datetime`, `u_isAccountNonExpired`, `u_isAccountNonLocked`, `u_isCredentialNonExpired`, `u_isEnabled`, `u_level`, `u_disabled`) VALUES
	('a', '$2a$10$wpZt/mvoudYbcLrMvBBNTeSCTjVUjqTE/Ks/wsguWMq7iHkT/2pS6', '123', '2020-09-11 21:49:47', 1, 1, 1, 1, 1, 0),
	('aaa', '$2a$10$ZSE0ra.nli3CWYMXp2mxEuPo0IYDoV2lSXAR99M9/1t6dWEmt2cZy', '123', '2020-08-27 21:47:26', 1, 1, 1, 1, 3, 0),
	('aaaa', '$2a$10$6LGZWfCpwU87zFBSwDv/N.frvFCsZ2F47xvlCDaIh0xwj40O6wR9q', '1234', '2020-08-27 22:03:51', 1, 1, 1, 1, 1, 0),
	('adfa', '$2a$10$mKzn0ws3UT9gvApP6PFuJeFVSGh54JUtJpe5hUC13nUGm.jcIbKDm', NULL, '2020-09-22 22:02:50', 1, 1, 1, 1, NULL, NULL),
	('asd', '$2a$10$M/gdoqAe6Aemz5261EycjO2OckeHnAE7yrToNaTBiIETuS3r1Cxge', NULL, '2020-09-21 21:09:56', 1, 1, 1, 1, NULL, NULL),
	('asdasd', '$2a$10$F9oxY.TbpIVFOt5rt6HdIusg4cbRTPLIy4vyjGdI/6uPdL84MvTUW', NULL, '2020-09-22 21:48:28', 1, 1, 1, 1, NULL, NULL),
	('sd', '$2a$10$l0/xi3msp.o.FkjIbN/PYust/a5U3s2Mtk64UzMIAKdrqkdjHHq.y', NULL, '2020-09-22 21:46:28', 1, 1, 1, 1, NULL, NULL);
/*!40000 ALTER TABLE `pizza_user` ENABLE KEYS */;

-- 테이블 pizza.spring_session 구조 내보내기
CREATE TABLE IF NOT EXISTS `spring_session` (
  `PRIMARY_ID` char(36) NOT NULL,
  `SESSION_ID` char(36) NOT NULL,
  `CREATION_TIME` bigint(20) NOT NULL,
  `LAST_ACCESS_TIME` bigint(20) NOT NULL,
  `MAX_INACTIVE_INTERVAL` int(11) NOT NULL,
  `EXPIRY_TIME` bigint(20) NOT NULL,
  `PRINCIPAL_NAME` varchar(100) DEFAULT NULL,
  PRIMARY KEY (`PRIMARY_ID`),
  UNIQUE KEY `SPRING_SESSION_IX1` (`SESSION_ID`),
  KEY `SPRING_SESSION_IX2` (`EXPIRY_TIME`),
  KEY `SPRING_SESSION_IX3` (`PRINCIPAL_NAME`)
) ENGINE=InnoDB DEFAULT CHARSET=utf8 ROW_FORMAT=DYNAMIC;

-- 테이블 데이터 pizza.spring_session:~1 rows (대략적) 내보내기
/*!40000 ALTER TABLE `spring_session` DISABLE KEYS */;
REPLACE INTO `spring_session` (`PRIMARY_ID`, `SESSION_ID`, `CREATION_TIME`, `LAST_ACCESS_TIME`, `MAX_INACTIVE_INTERVAL`, `EXPIRY_TIME`, `PRINCIPAL_NAME`) VALUES
	('a6e6979b-fd01-4e8b-8d60-7020a88123f5', '73a91a66-63ae-4e9f-ba39-fc464f8cec27', 1600778914091, 1600778963023, 7200, 1600786163023, NULL),
	('a8bf1332-ac11-4b53-98a7-ee5d7ae4d58b', '9d40db7c-57cc-4eb9-83f7-31f67ed4d0df', 1600779764624, 1600779776055, 7200, 1600786976055, NULL);
/*!40000 ALTER TABLE `spring_session` ENABLE KEYS */;

-- 테이블 pizza.spring_session_attributes 구조 내보내기
CREATE TABLE IF NOT EXISTS `spring_session_attributes` (
  `SESSION_PRIMARY_ID` char(36) NOT NULL,
  `ATTRIBUTE_NAME` varchar(200) NOT NULL,
  `ATTRIBUTE_BYTES` blob NOT NULL,
  PRIMARY KEY (`SESSION_PRIMARY_ID`,`ATTRIBUTE_NAME`),
  CONSTRAINT `SPRING_SESSION_ATTRIBUTES_FK` FOREIGN KEY (`SESSION_PRIMARY_ID`) REFERENCES `spring_session` (`PRIMARY_ID`) ON DELETE CASCADE
) ENGINE=InnoDB DEFAULT CHARSET=utf8 ROW_FORMAT=DYNAMIC;

-- 테이블 데이터 pizza.spring_session_attributes:~0 rows (대략적) 내보내기
/*!40000 ALTER TABLE `spring_session_attributes` DISABLE KEYS */;
REPLACE INTO `spring_session_attributes` (`SESSION_PRIMARY_ID`, `ATTRIBUTE_NAME`, `ATTRIBUTE_BYTES`) VALUES
	('a6e6979b-fd01-4e8b-8d60-7020a88123f5', 'SPRING_SECURITY_LAST_EXCEPTION', _binary 0xACED0005737200436F72672E737072696E676672616D65776F726B2E73656375726974792E61757468656E7469636174696F6E2E42616443726564656E7469616C73457863657074696F6E260E4EFC64AE185D020000787200396F72672E737072696E676672616D65776F726B2E73656375726974792E636F72652E41757468656E7469636174696F6E457863657074696F6E1C045130E20B67540200007872001A6A6176612E6C616E672E52756E74696D65457863657074696F6E9E5F06470A3483E5020000787200136A6176612E6C616E672E457863657074696F6ED0FD1F3E1A3B1CC4020000787200136A6176612E6C616E672E5468726F7761626C65D5C635273977B8CB0300044C000563617573657400154C6A6176612F6C616E672F5468726F7761626C653B4C000D64657461696C4D6573736167657400124C6A6176612F6C616E672F537472696E673B5B000A737461636B547261636574001E5B4C6A6176612F6C616E672F537461636B5472616365456C656D656E743B4C001473757070726573736564457863657074696F6E737400104C6A6176612F7574696C2F4C6973743B787071007E000974000F4261642063726564656E7469616C737572001E5B4C6A6176612E6C616E672E537461636B5472616365456C656D656E743B02462A3C3CFD22390200007870000000387372001B6A6176612E6C616E672E537461636B5472616365456C656D656E746109C59A2636DD8502000449000A6C696E654E756D6265724C000E6465636C6172696E67436C61737371007E00064C000866696C654E616D6571007E00064C000A6D6574686F644E616D6571007E000678700000005D7400496F72672E737072696E676672616D65776F726B2E73656375726974792E61757468656E7469636174696F6E2E64616F2E44616F41757468656E7469636174696F6E50726F766964657274001E44616F41757468656E7469636174696F6E50726F76696465722E6A61766174001E6164646974696F6E616C41757468656E7469636174696F6E436865636B737371007E000D000000A67400596F72672E737072696E676672616D65776F726B2E73656375726974792E61757468656E7469636174696F6E2E64616F2E41627374726163745573657244657461696C7341757468656E7469636174696F6E50726F766964657274002E41627374726163745573657244657461696C7341757468656E7469636174696F6E50726F76696465722E6A61766174000C61757468656E7469636174657371007E000D000000C774003B6F72672E737072696E676672616D65776F726B2E73656375726974792E61757468656E7469636174696F6E2E50726F76696465724D616E6167657274001450726F76696465724D616E616765722E6A61766171007E00157371007E000D000000DB71007E001771007E001871007E00157371007E000D0000005F7400546F72672E737072696E676672616D65776F726B2E73656375726974792E7765622E61757468656E7469636174696F6E2E557365726E616D6550617373776F726441757468656E7469636174696F6E46696C746572740029557365726E616D6550617373776F726441757468656E7469636174696F6E46696C7465722E6A617661740015617474656D707441757468656E7469636174696F6E7371007E000D000000D47400566F72672E737072696E676672616D65776F726B2E73656375726974792E7765622E61757468656E7469636174696F6E2E416273747261637441757468656E7469636174696F6E50726F63657373696E6746696C74657274002B416273747261637441757468656E7469636174696F6E50726F63657373696E6746696C7465722E6A617661740008646F46696C7465727371007E000D0000014E7400446F72672E737072696E676672616D65776F726B2E73656375726974792E7765622E46696C746572436861696E50726F7879245669727475616C46696C746572436861696E74001546696C746572436861696E50726F78792E6A61766171007E00217371007E000D000000747400436F72672E737072696E676672616D65776F726B2E73656375726974792E7765622E61757468656E7469636174696F6E2E6C6F676F75742E4C6F676F757446696C7465727400114C6F676F757446696C7465722E6A61766171007E00217371007E000D0000014E71007E002371007E002471007E00217371007E000D0000005C74003A6F72672E737072696E676672616D65776F726B2E73656375726974792E7765622E6865616465722E48656164657257726974657246696C74657274001748656164657257726974657246696C7465722E6A61766174000E646F4865616465727341667465727371007E000D0000004D71007E002A71007E002B740010646F46696C746572496E7465726E616C7371007E000D000000777400336F72672E737072696E676672616D65776F726B2E7765622E66696C7465722E4F6E63655065725265717565737446696C7465727400194F6E63655065725265717565737446696C7465722E6A61766171007E00217371007E000D0000014E71007E002371007E002471007E00217371007E000D000000697400496F72672E737072696E676672616D65776F726B2E73656375726974792E7765622E636F6E746578742E5365637572697479436F6E7465787450657273697374656E636546696C7465727400255365637572697479436F6E7465787450657273697374656E636546696C7465722E6A61766171007E00217371007E000D0000014E71007E002371007E002471007E00217371007E000D000000387400576F72672E737072696E676672616D65776F726B2E73656375726974792E7765622E636F6E746578742E726571756573742E6173796E632E5765624173796E634D616E61676572496E746567726174696F6E46696C7465727400255765624173796E634D616E61676572496E746567726174696F6E46696C7465722E6A61766171007E002E7371007E000D0000007771007E003071007E003171007E00217371007E000D0000014E71007E002371007E002471007E00217371007E000D000000D77400316F72672E737072696E676672616D65776F726B2E73656375726974792E7765622E46696C746572436861696E50726F787971007E002471007E002E7371007E000D000000B271007E003D71007E002471007E00217371007E000D000001667400346F72672E737072696E676672616D65776F726B2E7765622E66696C7465722E44656C65676174696E6746696C74657250726F787974001A44656C65676174696E6746696C74657250726F78792E6A61766174000E696E766F6B6544656C65676174657371007E000D0000010F71007E004071007E004171007E00217371007E000D000000C174002F6F72672E6170616368652E636174616C696E612E636F72652E4170706C69636174696F6E46696C746572436861696E74001B4170706C69636174696F6E46696C746572436861696E2E6A617661740010696E7465726E616C446F46696C7465727371007E000D000000A671007E004571007E004671007E00217371007E000D000000647400336F72672E737072696E676672616D65776F726B2E7765622E66696C7465722E52657175657374436F6E7465787446696C74657274001952657175657374436F6E7465787446696C7465722E6A61766171007E002E7371007E000D0000007771007E003071007E003171007E00217371007E000D000000C171007E004571007E004671007E00477371007E000D000000A671007E004571007E004671007E00217371007E000D0000005D7400306F72672E737072696E676672616D65776F726B2E7765622E66696C7465722E466F726D436F6E74656E7446696C746572740016466F726D436F6E74656E7446696C7465722E6A61766171007E002E7371007E000D0000007771007E003071007E003171007E00217371007E000D000000C171007E004571007E004671007E00477371007E000D000000A671007E004571007E004671007E00217371007E000D0000008D74003C6F72672E737072696E676672616D65776F726B2E73657373696F6E2E7765622E687474702E53657373696F6E5265706F7369746F727946696C74657274001C53657373696F6E5265706F7369746F727946696C7465722E6A61766171007E002E7371007E000D000000527400396F72672E737072696E676672616D65776F726B2E73657373696F6E2E7765622E687474702E4F6E63655065725265717565737446696C74657271007E003171007E00217371007E000D000000C171007E004571007E004671007E00477371007E000D000000A671007E004571007E004671007E00217371007E000D000000C97400366F72672E737072696E676672616D65776F726B2E7765622E66696C7465722E436861726163746572456E636F64696E6746696C74657274001C436861726163746572456E636F64696E6746696C7465722E6A61766171007E002E7371007E000D0000007771007E003071007E003171007E00217371007E000D000000C171007E004571007E004671007E00477371007E000D000000A671007E004571007E004671007E00217371007E000D000000CA74002D6F72672E6170616368652E636174616C696E612E636F72652E5374616E646172645772617070657256616C76657400195374616E646172645772617070657256616C76652E6A617661740006696E766F6B657371007E000D0000006074002D6F72672E6170616368652E636174616C696E612E636F72652E5374616E64617264436F6E7465787456616C76657400195374616E64617264436F6E7465787456616C76652E6A61766171007E00657371007E000D0000021D7400336F72672E6170616368652E636174616C696E612E61757468656E74696361746F722E41757468656E74696361746F724261736574001641757468656E74696361746F72426173652E6A61766171007E00657371007E000D0000008B74002A6F72672E6170616368652E636174616C696E612E636F72652E5374616E64617264486F737456616C76657400165374616E64617264486F737456616C76652E6A61766171007E00657371007E000D0000005C74002B6F72672E6170616368652E636174616C696E612E76616C7665732E4572726F725265706F727456616C76657400154572726F725265706F727456616C76652E6A61766171007E00657371007E000D0000004A74002C6F72672E6170616368652E636174616C696E612E636F72652E5374616E64617264456E67696E6556616C76657400185374616E64617264456E67696E6556616C76652E6A61766171007E00657371007E000D0000015774002B6F72672E6170616368652E636174616C696E612E636F6E6E6563746F722E436F796F746541646170746572740012436F796F7465416461707465722E6A617661740007736572766963657371007E000D000001757400286F72672E6170616368652E636F796F74652E6874747031312E48747470313150726F636573736F7274001448747470313150726F636573736F722E6A61766171007E00787371007E000D000000417400286F72672E6170616368652E636F796F74652E416273747261637450726F636573736F724C6967687474001B416273747261637450726F636573736F724C696768742E6A61766174000770726F636573737371007E000D000003647400346F72672E6170616368652E636F796F74652E416273747261637450726F746F636F6C24436F6E6E656374696F6E48616E646C6572740015416273747261637450726F746F636F6C2E6A61766171007E007F7371007E000D000006357400366F72672E6170616368652E746F6D6361742E7574696C2E6E65742E4E696F456E64706F696E7424536F636B657450726F636573736F727400104E696F456E64706F696E742E6A617661740005646F52756E7371007E000D0000003174002E6F72672E6170616368652E746F6D6361742E7574696C2E6E65742E536F636B657450726F636573736F7242617365740018536F636B657450726F636573736F72426173652E6A61766174000372756E7371007E000DFFFFFFFF7400276A6176612E7574696C2E636F6E63757272656E742E546872656164506F6F6C4578656375746F727074000972756E576F726B65727371007E000DFFFFFFFF74002E6A6176612E7574696C2E636F6E63757272656E742E546872656164506F6F6C4578656375746F7224576F726B65727071007E008A7371007E000D0000003D74003A6F72672E6170616368652E746F6D6361742E7574696C2E746872656164732E5461736B546872656164245772617070696E6752756E6E61626C6574000F5461736B5468726561642E6A61766171007E008A7371007E000DFFFFFFFF7400106A6176612E6C616E672E5468726561647071007E008A737200266A6176612E7574696C2E436F6C6C656374696F6E7324556E6D6F6469666961626C654C697374FC0F2531B5EC8E100200014C00046C69737471007E00087872002C6A6176612E7574696C2E436F6C6C656374696F6E7324556E6D6F6469666961626C65436F6C6C656374696F6E19420080CB5EF71E0200014C0001637400164C6A6176612F7574696C2F436F6C6C656374696F6E3B7870737200136A6176612E7574696C2E41727261794C6973747881D21D99C7619D03000149000473697A657870000000007704000000007871007E009A78),
	('a8bf1332-ac11-4b53-98a7-ee5d7ae4d58b', 'SPRING_SECURITY_LAST_EXCEPTION', _binary 0xACED0005737200436F72672E737072696E676672616D65776F726B2E73656375726974792E61757468656E7469636174696F6E2E42616443726564656E7469616C73457863657074696F6E260E4EFC64AE185D020000787200396F72672E737072696E676672616D65776F726B2E73656375726974792E636F72652E41757468656E7469636174696F6E457863657074696F6E1C045130E20B67540200007872001A6A6176612E6C616E672E52756E74696D65457863657074696F6E9E5F06470A3483E5020000787200136A6176612E6C616E672E457863657074696F6ED0FD1F3E1A3B1CC4020000787200136A6176612E6C616E672E5468726F7761626C65D5C635273977B8CB0300044C000563617573657400154C6A6176612F6C616E672F5468726F7761626C653B4C000D64657461696C4D6573736167657400124C6A6176612F6C616E672F537472696E673B5B000A737461636B547261636574001E5B4C6A6176612F6C616E672F537461636B5472616365456C656D656E743B4C001473757070726573736564457863657074696F6E737400104C6A6176612F7574696C2F4C6973743B787071007E000974000F4261642063726564656E7469616C737572001E5B4C6A6176612E6C616E672E537461636B5472616365456C656D656E743B02462A3C3CFD22390200007870000000387372001B6A6176612E6C616E672E537461636B5472616365456C656D656E746109C59A2636DD8502000449000A6C696E654E756D6265724C000E6465636C6172696E67436C61737371007E00064C000866696C654E616D6571007E00064C000A6D6574686F644E616D6571007E000678700000005D7400496F72672E737072696E676672616D65776F726B2E73656375726974792E61757468656E7469636174696F6E2E64616F2E44616F41757468656E7469636174696F6E50726F766964657274001E44616F41757468656E7469636174696F6E50726F76696465722E6A61766174001E6164646974696F6E616C41757468656E7469636174696F6E436865636B737371007E000D000000A67400596F72672E737072696E676672616D65776F726B2E73656375726974792E61757468656E7469636174696F6E2E64616F2E41627374726163745573657244657461696C7341757468656E7469636174696F6E50726F766964657274002E41627374726163745573657244657461696C7341757468656E7469636174696F6E50726F76696465722E6A61766174000C61757468656E7469636174657371007E000D000000C774003B6F72672E737072696E676672616D65776F726B2E73656375726974792E61757468656E7469636174696F6E2E50726F76696465724D616E6167657274001450726F76696465724D616E616765722E6A61766171007E00157371007E000D000000DB71007E001771007E001871007E00157371007E000D0000005F7400546F72672E737072696E676672616D65776F726B2E73656375726974792E7765622E61757468656E7469636174696F6E2E557365726E616D6550617373776F726441757468656E7469636174696F6E46696C746572740029557365726E616D6550617373776F726441757468656E7469636174696F6E46696C7465722E6A617661740015617474656D707441757468656E7469636174696F6E7371007E000D000000D47400566F72672E737072696E676672616D65776F726B2E73656375726974792E7765622E61757468656E7469636174696F6E2E416273747261637441757468656E7469636174696F6E50726F63657373696E6746696C74657274002B416273747261637441757468656E7469636174696F6E50726F63657373696E6746696C7465722E6A617661740008646F46696C7465727371007E000D0000014E7400446F72672E737072696E676672616D65776F726B2E73656375726974792E7765622E46696C746572436861696E50726F7879245669727475616C46696C746572436861696E74001546696C746572436861696E50726F78792E6A61766171007E00217371007E000D000000747400436F72672E737072696E676672616D65776F726B2E73656375726974792E7765622E61757468656E7469636174696F6E2E6C6F676F75742E4C6F676F757446696C7465727400114C6F676F757446696C7465722E6A61766171007E00217371007E000D0000014E71007E002371007E002471007E00217371007E000D0000005C74003A6F72672E737072696E676672616D65776F726B2E73656375726974792E7765622E6865616465722E48656164657257726974657246696C74657274001748656164657257726974657246696C7465722E6A61766174000E646F4865616465727341667465727371007E000D0000004D71007E002A71007E002B740010646F46696C746572496E7465726E616C7371007E000D000000777400336F72672E737072696E676672616D65776F726B2E7765622E66696C7465722E4F6E63655065725265717565737446696C7465727400194F6E63655065725265717565737446696C7465722E6A61766171007E00217371007E000D0000014E71007E002371007E002471007E00217371007E000D000000697400496F72672E737072696E676672616D65776F726B2E73656375726974792E7765622E636F6E746578742E5365637572697479436F6E7465787450657273697374656E636546696C7465727400255365637572697479436F6E7465787450657273697374656E636546696C7465722E6A61766171007E00217371007E000D0000014E71007E002371007E002471007E00217371007E000D000000387400576F72672E737072696E676672616D65776F726B2E73656375726974792E7765622E636F6E746578742E726571756573742E6173796E632E5765624173796E634D616E61676572496E746567726174696F6E46696C7465727400255765624173796E634D616E61676572496E746567726174696F6E46696C7465722E6A61766171007E002E7371007E000D0000007771007E003071007E003171007E00217371007E000D0000014E71007E002371007E002471007E00217371007E000D000000D77400316F72672E737072696E676672616D65776F726B2E73656375726974792E7765622E46696C746572436861696E50726F787971007E002471007E002E7371007E000D000000B271007E003D71007E002471007E00217371007E000D000001667400346F72672E737072696E676672616D65776F726B2E7765622E66696C7465722E44656C65676174696E6746696C74657250726F787974001A44656C65676174696E6746696C74657250726F78792E6A61766174000E696E766F6B6544656C65676174657371007E000D0000010F71007E004071007E004171007E00217371007E000D000000C174002F6F72672E6170616368652E636174616C696E612E636F72652E4170706C69636174696F6E46696C746572436861696E74001B4170706C69636174696F6E46696C746572436861696E2E6A617661740010696E7465726E616C446F46696C7465727371007E000D000000A671007E004571007E004671007E00217371007E000D000000647400336F72672E737072696E676672616D65776F726B2E7765622E66696C7465722E52657175657374436F6E7465787446696C74657274001952657175657374436F6E7465787446696C7465722E6A61766171007E002E7371007E000D0000007771007E003071007E003171007E00217371007E000D000000C171007E004571007E004671007E00477371007E000D000000A671007E004571007E004671007E00217371007E000D0000005D7400306F72672E737072696E676672616D65776F726B2E7765622E66696C7465722E466F726D436F6E74656E7446696C746572740016466F726D436F6E74656E7446696C7465722E6A61766171007E002E7371007E000D0000007771007E003071007E003171007E00217371007E000D000000C171007E004571007E004671007E00477371007E000D000000A671007E004571007E004671007E00217371007E000D0000008D74003C6F72672E737072696E676672616D65776F726B2E73657373696F6E2E7765622E687474702E53657373696F6E5265706F7369746F727946696C74657274001C53657373696F6E5265706F7369746F727946696C7465722E6A61766171007E002E7371007E000D000000527400396F72672E737072696E676672616D65776F726B2E73657373696F6E2E7765622E687474702E4F6E63655065725265717565737446696C74657271007E003171007E00217371007E000D000000C171007E004571007E004671007E00477371007E000D000000A671007E004571007E004671007E00217371007E000D000000C97400366F72672E737072696E676672616D65776F726B2E7765622E66696C7465722E436861726163746572456E636F64696E6746696C74657274001C436861726163746572456E636F64696E6746696C7465722E6A61766171007E002E7371007E000D0000007771007E003071007E003171007E00217371007E000D000000C171007E004571007E004671007E00477371007E000D000000A671007E004571007E004671007E00217371007E000D000000CA74002D6F72672E6170616368652E636174616C696E612E636F72652E5374616E646172645772617070657256616C76657400195374616E646172645772617070657256616C76652E6A617661740006696E766F6B657371007E000D0000006074002D6F72672E6170616368652E636174616C696E612E636F72652E5374616E64617264436F6E7465787456616C76657400195374616E64617264436F6E7465787456616C76652E6A61766171007E00657371007E000D0000021D7400336F72672E6170616368652E636174616C696E612E61757468656E74696361746F722E41757468656E74696361746F724261736574001641757468656E74696361746F72426173652E6A61766171007E00657371007E000D0000008B74002A6F72672E6170616368652E636174616C696E612E636F72652E5374616E64617264486F737456616C76657400165374616E64617264486F737456616C76652E6A61766171007E00657371007E000D0000005C74002B6F72672E6170616368652E636174616C696E612E76616C7665732E4572726F725265706F727456616C76657400154572726F725265706F727456616C76652E6A61766171007E00657371007E000D0000004A74002C6F72672E6170616368652E636174616C696E612E636F72652E5374616E64617264456E67696E6556616C76657400185374616E64617264456E67696E6556616C76652E6A61766171007E00657371007E000D0000015774002B6F72672E6170616368652E636174616C696E612E636F6E6E6563746F722E436F796F746541646170746572740012436F796F7465416461707465722E6A617661740007736572766963657371007E000D000001757400286F72672E6170616368652E636F796F74652E6874747031312E48747470313150726F636573736F7274001448747470313150726F636573736F722E6A61766171007E00787371007E000D000000417400286F72672E6170616368652E636F796F74652E416273747261637450726F636573736F724C6967687474001B416273747261637450726F636573736F724C696768742E6A61766174000770726F636573737371007E000D000003647400346F72672E6170616368652E636F796F74652E416273747261637450726F746F636F6C24436F6E6E656374696F6E48616E646C6572740015416273747261637450726F746F636F6C2E6A61766171007E007F7371007E000D000006357400366F72672E6170616368652E746F6D6361742E7574696C2E6E65742E4E696F456E64706F696E7424536F636B657450726F636573736F727400104E696F456E64706F696E742E6A617661740005646F52756E7371007E000D0000003174002E6F72672E6170616368652E746F6D6361742E7574696C2E6E65742E536F636B657450726F636573736F7242617365740018536F636B657450726F636573736F72426173652E6A61766174000372756E7371007E000DFFFFFFFF7400276A6176612E7574696C2E636F6E63757272656E742E546872656164506F6F6C4578656375746F727074000972756E576F726B65727371007E000DFFFFFFFF74002E6A6176612E7574696C2E636F6E63757272656E742E546872656164506F6F6C4578656375746F7224576F726B65727071007E008A7371007E000D0000003D74003A6F72672E6170616368652E746F6D6361742E7574696C2E746872656164732E5461736B546872656164245772617070696E6752756E6E61626C6574000F5461736B5468726561642E6A61766171007E008A7371007E000DFFFFFFFF7400106A6176612E6C616E672E5468726561647071007E008A737200266A6176612E7574696C2E436F6C6C656374696F6E7324556E6D6F6469666961626C654C697374FC0F2531B5EC8E100200014C00046C69737471007E00087872002C6A6176612E7574696C2E436F6C6C656374696F6E7324556E6D6F6469666961626C65436F6C6C656374696F6E19420080CB5EF71E0200014C0001637400164C6A6176612F7574696C2F436F6C6C656374696F6E3B7870737200136A6176612E7574696C2E41727261794C6973747881D21D99C7619D03000149000473697A657870000000007704000000007871007E009A78);
/*!40000 ALTER TABLE `spring_session_attributes` ENABLE KEYS */;

/*!40101 SET SQL_MODE=IFNULL(@OLD_SQL_MODE, '') */;
/*!40014 SET FOREIGN_KEY_CHECKS=IF(@OLD_FOREIGN_KEY_CHECKS IS NULL, 1, @OLD_FOREIGN_KEY_CHECKS) */;
/*!40101 SET CHARACTER_SET_CLIENT=@OLD_CHARACTER_SET_CLIENT */;
