-- --------------------------------------------------------
-- 호스트:                          127.0.0.1
-- 서버 버전:                        10.5.4-MariaDB - mariadb.org binary distribution
-- 서버 OS:                        Win64
-- HeidiSQL 버전:                  11.0.0.5919
-- --------------------------------------------------------

/*!40101 SET @OLD_CHARACTER_SET_CLIENT=@@CHARACTER_SET_CLIENT */;
/*!40101 SET NAMES utf8 */;
/*!50503 SET NAMES utf8mb4 */;
/*!40014 SET @OLD_FOREIGN_KEY_CHECKS=@@FOREIGN_KEY_CHECKS, FOREIGN_KEY_CHECKS=0 */;
/*!40101 SET @OLD_SQL_MODE=@@SQL_MODE, SQL_MODE='NO_AUTO_VALUE_ON_ZERO' */;


-- db01 데이터베이스 구조 내보내기
CREATE DATABASE IF NOT EXISTS `db01` /*!40100 DEFAULT CHARACTER SET utf8 */;
USE `db01`;

-- 테이블 db01.board01 구조 내보내기
CREATE TABLE IF NOT EXISTS `board01` (
  `B_NUM` int(10) unsigned zerofill NOT NULL AUTO_INCREMENT,
  `B_TITLE` varchar(255) DEFAULT NULL,
  `B_NAME` varchar(255) DEFAULT NULL,
  `B_TIME` int(10) unsigned zerofill DEFAULT NULL,
  `L_NO` int(11) unsigned DEFAULT NULL,
  `B_CONTENT` varchar(255) DEFAULT NULL,
  `B_LOOK` int(11) DEFAULT NULL,
  PRIMARY KEY (`B_NUM`) USING BTREE,
  KEY `L_NO` (`L_NO`)
) ENGINE=InnoDB AUTO_INCREMENT=5 DEFAULT CHARSET=utf8 COMMENT='Board';

-- 테이블 데이터 db01.board01:~4 rows (대략적) 내보내기
/*!40000 ALTER TABLE `board01` DISABLE KEYS */;
REPLACE INTO `board01` (`B_NUM`, `B_TITLE`, `B_NAME`, `B_TIME`, `L_NO`, `B_CONTENT`, `B_LOOK`) VALUES
	(0000000001, 'aaTITLE', 'ANAME_SQL', 0000000001, 1, 'sdfasdgsh', NULL),
	(0000000002, 'bbTITLE', 'BNAME_SQL', 0510260111, 1, 'nothing', 0),
	(0000000003, 'ccTITLE', 'CNAME_SQL', 0051026114, 2, 'asdisd', 0),
	(0000000004, 'ddTITLE', 'DNAME_SQL', 0002132132, 0, '21SVASVC좀핫핫', 1);
/*!40000 ALTER TABLE `board01` ENABLE KEYS */;

-- 테이블 db01.lc_auth 구조 내보내기
CREATE TABLE IF NOT EXISTS `lc_auth` (
  `u_id` varchar(50) DEFAULT NULL,
  `u_auth` varchar(50) DEFAULT NULL
) ENGINE=InnoDB DEFAULT CHARSET=utf8;

-- 테이블 데이터 db01.lc_auth:~2 rows (대략적) 내보내기
/*!40000 ALTER TABLE `lc_auth` DISABLE KEYS */;
REPLACE INTO `lc_auth` (`u_id`, `u_auth`) VALUES
	('aaaa', 'ROLE_MASTER'),
	('aaa', 'ROLE_USER');
/*!40000 ALTER TABLE `lc_auth` ENABLE KEYS */;

-- 테이블 db01.lc_board 구조 내보내기
CREATE TABLE IF NOT EXISTS `lc_board` (
  `b_id` int(11) NOT NULL AUTO_INCREMENT,
  `b_title` varchar(255) DEFAULT NULL,
  `b_content` text DEFAULT NULL,
  `b_writer` varchar(255) DEFAULT NULL,
  `b_datetime` datetime DEFAULT current_timestamp(),
  `u_id` varchar(50) DEFAULT NULL,
  `b_disabled` tinyint(1) unsigned zerofill DEFAULT NULL,
  PRIMARY KEY (`b_id`),
  KEY `user_id` (`u_id`),
  CONSTRAINT `user_id` FOREIGN KEY (`u_id`) REFERENCES `lc_user` (`u_id`)
) ENGINE=InnoDB AUTO_INCREMENT=53 DEFAULT CHARSET=utf8;

-- 테이블 데이터 db01.lc_board:~11 rows (대략적) 내보내기
/*!40000 ALTER TABLE `lc_board` DISABLE KEYS */;
REPLACE INTO `lc_board` (`b_id`, `b_title`, `b_content`, `b_writer`, `b_datetime`, `u_id`, `b_disabled`) VALUES
	(1, 'wdefs', 'content', 'lee', '2020-08-26 19:11:37', 'a', 0),
	(2, 'sdf', 'csdfs', 'sfg', '2020-08-26 19:11:56', 'aaa', 0),
	(3, 'x', 'sdfsf', 'wee', '2020-09-09 19:56:26', 'aaa', 0),
	(45, '234', 'sd', '1241w', '2020-09-15 20:49:04', 'aaaa', 0),
	(46, '222', '222', 'sdf', '2020-09-15 20:53:47', NULL, 0),
	(47, 'adxasdc', 'asfsg', 'as', '2020-09-15 20:58:17', 'aaaa', 0),
	(48, '', 'sdf', '', '2020-09-15 20:58:35', 'aaaa', 0),
	(49, 'xbsg2', '42', 'sg', '2020-09-15 21:01:08', 'aaaa', 0),
	(50, 'cs', 'sd', '23', '2020-09-15 21:53:38', 'aaa', 1),
	(51, '121', '14123123', 'test', '2020-09-15 22:03:13', 'aaa', 1),
	(52, '15as', 'sdaaf', 'asd134', '2020-09-16 18:35:16', 'aaa', 1);
/*!40000 ALTER TABLE `lc_board` ENABLE KEYS */;

-- 테이블 db01.lc_user 구조 내보내기
CREATE TABLE IF NOT EXISTS `lc_user` (
  `u_id` varchar(50) NOT NULL,
  `u_password` varchar(200) DEFAULT NULL,
  `u_name` varchar(50) DEFAULT NULL,
  `u_datetime` datetime DEFAULT current_timestamp(),
  `u_isAccountNonExpired` tinyint(4) DEFAULT NULL,
  `u_isAccountNonLocked` tinyint(4) DEFAULT NULL,
  `u_isCredentialNonExpired` tinyint(4) DEFAULT NULL,
  `u_isEnabled` tinyint(4) DEFAULT NULL,
  `u_level` int(11) DEFAULT NULL,
  `u_disabled` tinyint(1) unsigned zerofill DEFAULT NULL,
  PRIMARY KEY (`u_id`)
) ENGINE=InnoDB DEFAULT CHARSET=utf8;

-- 테이블 데이터 db01.lc_user:~3 rows (대략적) 내보내기
/*!40000 ALTER TABLE `lc_user` DISABLE KEYS */;
REPLACE INTO `lc_user` (`u_id`, `u_password`, `u_name`, `u_datetime`, `u_isAccountNonExpired`, `u_isAccountNonLocked`, `u_isCredentialNonExpired`, `u_isEnabled`, `u_level`, `u_disabled`) VALUES
	('a', '$2a$10$wpZt/mvoudYbcLrMvBBNTeSCTjVUjqTE/Ks/wsguWMq7iHkT/2pS6', '123', '2020-09-11 21:49:47', 1, 1, 1, 1, 1, 0),
	('aaa', '$2a$10$ZSE0ra.nli3CWYMXp2mxEuPo0IYDoV2lSXAR99M9/1t6dWEmt2cZy', '123', '2020-08-27 21:47:26', 1, 1, 1, 1, 3, 0),
	('aaaa', '$2a$10$6LGZWfCpwU87zFBSwDv/N.frvFCsZ2F47xvlCDaIh0xwj40O6wR9q', '1234', '2020-08-27 22:03:51', 1, 1, 1, 1, 1, 0);
/*!40000 ALTER TABLE `lc_user` ENABLE KEYS */;

-- 테이블 db01.login01 구조 내보내기
CREATE TABLE IF NOT EXISTS `login01` (
  `L_NO` int(11) unsigned zerofill NOT NULL AUTO_INCREMENT,
  `L_ID` varchar(255) DEFAULT NULL,
  `L_PW` varchar(255) DEFAULT NULL,
  `L_LV` int(11) DEFAULT NULL,
  `L_NAME` varchar(255) DEFAULT NULL,
  `L_LOGINCOUNT` int(11) DEFAULT NULL,
  PRIMARY KEY (`L_NO`)
) ENGINE=InnoDB AUTO_INCREMENT=21 DEFAULT CHARSET=utf8 COMMENT='로그인 세션\r\n';

-- 테이블 데이터 db01.login01:~9 rows (대략적) 내보내기
/*!40000 ALTER TABLE `login01` DISABLE KEYS */;
REPLACE INTO `login01` (`L_NO`, `L_ID`, `L_PW`, `L_LV`, `L_NAME`, `L_LOGINCOUNT`) VALUES
	(00000000001, 'aaa', '1234', 1, 'chale', 0),
	(00000000002, 'admin2', '1234', 3, 'bebe', 0),
	(00000000003, 'admin3', '1234', 2, 'poii', 0),
	(00000000004, 'aaa2', '1234', 1, 'jake', 0),
	(00000000005, 'aaa', 'sdf', 1, 'sd', 0),
	(00000000009, 'aaa', 'sdf', 1, 'sd', 0),
	(00000000013, 'aaa', 'sdf', 1, 'sd', 0),
	(00000000014, 'aaa', 'sdf', 1, 'sd', 0),
	(00000000018, 'aaeeeeeeeeeeeeeeeeeeeeaq3r2qwrqerwedf', 'sdf', 1, 'sd', 0);
/*!40000 ALTER TABLE `login01` ENABLE KEYS */;

-- 테이블 db01.login02 구조 내보내기
CREATE TABLE IF NOT EXISTS `login02` (
  `L_NO` int(11) unsigned zerofill NOT NULL AUTO_INCREMENT,
  `L_ID` varchar(255) DEFAULT NULL,
  `L_PW` varchar(255) DEFAULT NULL,
  `L_LV` int(11) DEFAULT NULL,
  `L_NAME` varchar(255) DEFAULT NULL,
  `L_LOGINCOUNT` int(11) DEFAULT NULL,
  PRIMARY KEY (`L_NO`)
) ENGINE=InnoDB AUTO_INCREMENT=21 DEFAULT CHARSET=utf8 COMMENT='로그인 세션\r\n';

-- 테이블 데이터 db01.login02:~9 rows (대략적) 내보내기
/*!40000 ALTER TABLE `login02` DISABLE KEYS */;
REPLACE INTO `login02` (`L_NO`, `L_ID`, `L_PW`, `L_LV`, `L_NAME`, `L_LOGINCOUNT`) VALUES
	(00000000001, 'admin1', '1234', 1, 'chale', NULL),
	(00000000002, 'admin2', '1234', 3, 'bebe', NULL),
	(00000000003, 'admin3', '1234', 2, 'paii', NULL),
	(00000000004, 'admin4', '1234', 1, 'jake', NULL),
	(00000000015, 'aaeeeeeeeeeeeeeeeeeeeea', 'sdf', 1, 'sd', 0),
	(00000000016, 'aaeeeeeeeeeeeeeeeeeeeea', 'sdf', 1, 'sd', 0),
	(00000000017, 'aaeeeeeeeeeeeeeeeeeeeea', 'sdf', 1, 'sd', 0),
	(00000000019, 'test', NULL, NULL, NULL, NULL),
	(00000000020, 'sdf2342', NULL, NULL, NULL, NULL);
/*!40000 ALTER TABLE `login02` ENABLE KEYS */;

-- 테이블 db01.old01 구조 내보내기
CREATE TABLE IF NOT EXISTS `old01` (
  `o_key` int(11) DEFAULT NULL,
  `o_old` int(11) DEFAULT NULL,
  `o_oldband` int(10) unsigned zerofill NOT NULL AUTO_INCREMENT,
  KEY `FK_old01_board01` (`o_oldband`),
  CONSTRAINT `FK_old01_board01` FOREIGN KEY (`o_oldband`) REFERENCES `board01` (`B_NUM`)
) ENGINE=InnoDB DEFAULT CHARSET=utf8 COMMENT='OLD\r\n';

-- 테이블 데이터 db01.old01:~0 rows (대략적) 내보내기
/*!40000 ALTER TABLE `old01` DISABLE KEYS */;
/*!40000 ALTER TABLE `old01` ENABLE KEYS */;

-- 테이블 db01.spring_session 구조 내보내기
CREATE TABLE IF NOT EXISTS `spring_session` (
  `PRIMARY_ID` char(36) NOT NULL,
  `SESSION_ID` char(36) NOT NULL,
  `CREATION_TIME` bigint(20) NOT NULL,
  `LAST_ACCESS_TIME` bigint(20) NOT NULL,
  `MAX_INACTIVE_INTERVAL` int(11) NOT NULL,
  `EXPIRY_TIME` bigint(20) NOT NULL,
  `PRINCIPAL_NAME` varchar(100) DEFAULT NULL,
  PRIMARY KEY (`PRIMARY_ID`),
  UNIQUE KEY `SPRING_SESSION_IX1` (`SESSION_ID`),
  KEY `SPRING_SESSION_IX2` (`EXPIRY_TIME`),
  KEY `SPRING_SESSION_IX3` (`PRINCIPAL_NAME`)
) ENGINE=InnoDB DEFAULT CHARSET=utf8 ROW_FORMAT=DYNAMIC;

-- 테이블 데이터 db01.spring_session:~0 rows (대략적) 내보내기
/*!40000 ALTER TABLE `spring_session` DISABLE KEYS */;
REPLACE INTO `spring_session` (`PRIMARY_ID`, `SESSION_ID`, `CREATION_TIME`, `LAST_ACCESS_TIME`, `MAX_INACTIVE_INTERVAL`, `EXPIRY_TIME`, `PRINCIPAL_NAME`) VALUES
	('0782f841-7f2b-41f1-8541-39de36881822', '62a80d14-5cd7-4ff4-b659-031275e624ff', 1600336823787, 1600336828437, 7200, 1600344028437, 'aaaa'),
	('3eef455e-a741-4427-ac87-ea5e2be5f652', 'd3b324e2-1ef9-412e-aab6-a360e0a8f11b', 1600336817684, 1600336817830, 7200, 1600344017830, NULL);
/*!40000 ALTER TABLE `spring_session` ENABLE KEYS */;

-- 테이블 db01.spring_session_attributes 구조 내보내기
CREATE TABLE IF NOT EXISTS `spring_session_attributes` (
  `SESSION_PRIMARY_ID` char(36) NOT NULL,
  `ATTRIBUTE_NAME` varchar(200) NOT NULL,
  `ATTRIBUTE_BYTES` blob NOT NULL,
  PRIMARY KEY (`SESSION_PRIMARY_ID`,`ATTRIBUTE_NAME`),
  CONSTRAINT `SPRING_SESSION_ATTRIBUTES_FK` FOREIGN KEY (`SESSION_PRIMARY_ID`) REFERENCES `spring_session` (`PRIMARY_ID`) ON DELETE CASCADE
) ENGINE=InnoDB DEFAULT CHARSET=utf8 ROW_FORMAT=DYNAMIC;

-- 테이블 데이터 db01.spring_session_attributes:~0 rows (대략적) 내보내기
/*!40000 ALTER TABLE `spring_session_attributes` DISABLE KEYS */;
REPLACE INTO `spring_session_attributes` (`SESSION_PRIMARY_ID`, `ATTRIBUTE_NAME`, `ATTRIBUTE_BYTES`) VALUES
	('0782f841-7f2b-41f1-8541-39de36881822', 'SPRING_SECURITY_CONTEXT', _binary 0xACED00057372003D6F72672E737072696E676672616D65776F726B2E73656375726974792E636F72652E636F6E746578742E5365637572697479436F6E74657874496D706C00000000000002120200014C000E61757468656E7469636174696F6E7400324C6F72672F737072696E676672616D65776F726B2F73656375726974792F636F72652F41757468656E7469636174696F6E3B78707372004F6F72672E737072696E676672616D65776F726B2E73656375726974792E61757468656E7469636174696F6E2E557365726E616D6550617373776F726441757468656E7469636174696F6E546F6B656E00000000000002120200024C000B63726564656E7469616C737400124C6A6176612F6C616E672F4F626A6563743B4C00097072696E636970616C71007E0004787200476F72672E737072696E676672616D65776F726B2E73656375726974792E61757468656E7469636174696F6E2E416273747261637441757468656E7469636174696F6E546F6B656ED3AA287E6E47640E0200035A000D61757468656E746963617465644C000B617574686F7269746965737400164C6A6176612F7574696C2F436F6C6C656374696F6E3B4C000764657461696C7371007E0004787001737200266A6176612E7574696C2E436F6C6C656374696F6E7324556E6D6F6469666961626C654C697374FC0F2531B5EC8E100200014C00046C6973747400104C6A6176612F7574696C2F4C6973743B7872002C6A6176612E7574696C2E436F6C6C656374696F6E7324556E6D6F6469666961626C65436F6C6C656374696F6E19420080CB5EF71E0200014C00016371007E00067870737200136A6176612E7574696C2E41727261794C6973747881D21D99C7619D03000149000473697A65787000000001770400000001737200426F72672E737072696E676672616D65776F726B2E73656375726974792E636F72652E617574686F726974792E53696D706C654772616E746564417574686F7269747900000000000002120200014C0004726F6C657400124C6A6176612F6C616E672F537472696E673B787074000B524F4C455F4D41535445527871007E000D737200486F72672E737072696E676672616D65776F726B2E73656375726974792E7765622E61757468656E7469636174696F6E2E57656241757468656E7469636174696F6E44657461696C7300000000000002120200024C000D72656D6F74654164647265737371007E000F4C000973657373696F6E496471007E000F787074000F303A303A303A303A303A303A303A3174002436356363363836392D663731322D343661312D396335302D3531636137373431373236377073720028636F6D2E6C636F6D707574657273747564792E6578616D706C652E646F6D61696E2E55736572564F00000000000000010200095A001369734163636F756E744E6F6E457870697265645A001269734163636F756E744E6F6E4C6F636B65645A0016697343726564656E7469616C4E6F6E457870697265645A00096973456E61626C65644C000B617574686F72697469657371007E00064C000870617373776F726471007E000F4C0009754461746554696D6571007E000F4C0005754E616D6571007E000F4C0008757365726E616D6571007E000F7870010101017371007E000C0000000177040000000171007E00107874003C24326124313024364C475A57664370775538377A4642537744762F4E2E6672764643735A3246343778766C43446149683078776A34304F3677523971707400043132333474000461616161);
/*!40000 ALTER TABLE `spring_session_attributes` ENABLE KEYS */;

-- 테이블 db01.student 구조 내보내기
CREATE TABLE IF NOT EXISTS `student` (
  `id` tinyint(4) NOT NULL,
  `name` char(4) NOT NULL,
  `sex` enum('남자','여자') NOT NULL,
  `address` varchar(50) DEFAULT NULL,
  `distance` int(11) DEFAULT NULL,
  `birthday` datetime DEFAULT NULL,
  PRIMARY KEY (`id`)
) ENGINE=InnoDB DEFAULT CHARSET=utf8;

-- 테이블 데이터 db01.student:~0 rows (대략적) 내보내기
/*!40000 ALTER TABLE `student` DISABLE KEYS */;
/*!40000 ALTER TABLE `student` ENABLE KEYS */;

-- 테이블 db01.t1 구조 내보내기
CREATE TABLE IF NOT EXISTS `t1` (
  `a` int(11) unsigned DEFAULT NULL,
  `b` int(11) unsigned DEFAULT NULL,
  `c` int(11) unsigned DEFAULT NULL
) ENGINE=InnoDB DEFAULT CHARSET=utf8;

-- 테이블 데이터 db01.t1:~6 rows (대략적) 내보내기
/*!40000 ALTER TABLE `t1` DISABLE KEYS */;
REPLACE INTO `t1` (`a`, `b`, `c`) VALUES
	(1, 2, 3),
	(4, 5, 6),
	(1, 2, 3),
	(4, 5, 6),
	(1, 2, 3),
	(4, 5, 6);
/*!40000 ALTER TABLE `t1` ENABLE KEYS */;

-- 테이블 db01.user01 구조 내보내기
CREATE TABLE IF NOT EXISTS `user01` (
  `u_userkey` int(11) NOT NULL AUTO_INCREMENT,
  `u_name` varchar(255) DEFAULT NULL,
  `u_gender` varchar(255) DEFAULT 'NULL',
  `u_onoff` tinyint(4) DEFAULT NULL,
  `u_old` int(11) DEFAULT NULL,
  PRIMARY KEY (`u_userkey`) USING BTREE
) ENGINE=InnoDB AUTO_INCREMENT=5 DEFAULT CHARSET=utf8 COMMENT='level1\r\n';

-- 테이블 데이터 db01.user01:~4 rows (대략적) 내보내기
/*!40000 ALTER TABLE `user01` DISABLE KEYS */;
REPLACE INTO `user01` (`u_userkey`, `u_name`, `u_gender`, `u_onoff`, `u_old`) VALUES
	(1, '저다', 'man', 1, 13),
	(2, '민지나', 'lady', 0, 41),
	(3, '투아', 'man', 1, 15),
	(4, '후나', 'lady', 1, 35);
/*!40000 ALTER TABLE `user01` ENABLE KEYS */;

/*!40101 SET SQL_MODE=IFNULL(@OLD_SQL_MODE, '') */;
/*!40014 SET FOREIGN_KEY_CHECKS=IF(@OLD_FOREIGN_KEY_CHECKS IS NULL, 1, @OLD_FOREIGN_KEY_CHECKS) */;
/*!40101 SET CHARACTER_SET_CLIENT=@OLD_CHARACTER_SET_CLIENT */;
